Threads amount,Time (s)
2,0.068504167
4,0.068860666
8,0.094234708
16,0.185111459
32,0.375848167
