Threads amount,Time (s)
2,0.066274792
4,0.06840808300000001
8,0.097376417
16,0.198552208
32,0.422770291
