Threads amount,Time (s)
2,0.066516
4,0.06855879100000001
8,0.0973315
16,0.19587775000000002
32,0.396060458
