Threads amount,Time (s)
2,0.067901208
4,0.068955625
8,0.100984708
16,0.194301208
32,0.38080308300000004
