Threads amount,Time (s)
2,0.06721220800000001
4,0.068767042
8,0.09603133300000001
16,0.18731291700000002
32,0.372412625
