Threads amount,Time (s)
2,0.06597
4,0.068563709
8,0.098620708
16,0.2012295
32,0.378726583
