Threads amount,Time (s)
2,0.06576383300000001
4,0.06952175000000001
8,0.0969425
16,0.190012333
32,0.399109125
