Threads amount,Time (s)
2,0.0686495
4,0.068407625
8,0.096286666
16,0.20858858300000002
32,0.375034291
