Threads amount,Time (s)
2,0.067546167
4,0.06928308300000001
8,0.098294292
16,0.192073708
32,0.378285709
