Threads amount,Time (s)
2,0.06964329200000001
4,0.06946508400000001
8,0.10450100000000001
16,0.203731459
32,0.385871416
