Threads amount,Time (s)
2,0.080128583
4,0.073764708
8,0.103508
16,0.20582687500000002
32,0.378552
