Threads amount,Time (s)
2,0.06605137500000001
4,0.06875525
8,0.09730525000000001
16,0.18930754200000002
32,0.37446725000000003
