Threads amount,Time (s)
2,0.06695991600000001
4,0.069098958
8,0.097707584
16,0.19964641600000002
32,0.393530792
