Threads amount,Time (s)
2,0.0657075
4,0.06867287500000001
8,0.10020566600000001
16,0.188383083
32,0.373418958
