Threads amount,Time (s)
2,0.067919042
4,0.068366041
8,0.10229995800000001
16,0.21159875
32,0.38952912500000003
