Threads amount,Time (s)
2,0.06673875
4,0.068813542
8,0.101942167
16,0.185118584
32,0.374824166
