Threads amount,Time (s)
2,0.069272584
4,0.06911520900000001
8,0.10564566600000001
16,0.21550725
32,0.407264
