Threads amount,Time (s)
2,0.06634258300000001
4,0.068331458
8,0.0988145
16,0.189156667
32,0.38124195800000005
