Threads amount,Time (s)
2,0.069270542
4,0.068752542
8,0.109072583
16,0.218390459
32,0.38393512500000004
