Threads amount,Time (s)
2,0.067670916
4,0.069177792
8,0.09868420900000001
16,0.21763800000000003
32,0.3796795
