Threads amount,Time (ms)
32,13.110707999999999
64,14.969792
128,16.442999999999998
256,20.081167
