Threads amount,Time (ms)
32,12.868875
64,12.908415999999999
128,12.839082999999999
256,13.050875
