Threads amount,Time (ms)
32,12.705499999999999
64,12.714832999999999
128,12.82925
256,11.678374999999999
