Threads amount,Time (ms)
32,13.294749999999999
64,14.801667
128,16.49175
256,23.095917
