Threads amount,Time (ms)
32,12.758541
64,12.836
128,13.003667
256,13.26225
