Threads amount,Time (ms)
32,13.374625
64,15.770959
128,18.378625
256,24.268207999999998
