Threads amount,Time (ms)
32,12.873916
64,13.498833999999999
128,16.392291999999998
256,20.342042
