Threads amount,Time (ms)
32,12.967459
64,12.961958
128,13.170290999999999
256,13.717457999999999
