Threads amount,Time (ms)
32,12.386458
64,12.677959
128,12.328958
256,12.357249999999999
