Threads amount,Time (ms)
32,13.253375
64,13.9255
128,16.520083
256,23.775375
