Array Size,Time (ms)
32,2.944957971572876
64,4.137750148773193
128,7.881374835968018
256,19.091999053955078
516,38.93553924560547
