Array Size,Time (ms)
32,1.172333002090454
64,0.7886250019073486
128,0.8939999938011169
256,1.2305829524993896
516,1.5822089910507202
