Array Size,Time (ms)
32,2.020750045776367
64,4.260540962219238
128,8.75966739654541
256,22.266250610351562
516,44.32899856567383
