Array Size,Time (ms)
32,0.19075000286102295
64,0.2303750067949295
128,0.4248340129852295
256,0.5539159774780273
516,1.1780840158462524
