Array Size,Time (ms)
32,1.5814169645309448
64,3.6294169425964355
128,9.923500061035156
256,19.646915435791016
516,41.69012451171875
