Array Size,Time (ms)
32,0.2062080055475235
64,0.142208993434906
128,0.24187499284744263
256,0.41087499260902405
516,0.48879098892211914
