Array Size,Time (ms)
32,0.07045800238847733
64,0.0815420001745224
128,0.13500000536441803
256,0.35100001096725464
516,0.36158400774002075
