Array Size,Time (ms)
32,1.7785840034484863
64,3.2733750343322754
128,9.667583465576172
256,20.05066680908203
516,41.090999603271484
