Array Size,Time (ms)
32,0.05641600117087364
64,0.10220900177955627
128,0.18333399295806885
256,0.17795899510383606
516,0.3835830092430115
