Array Size,Time (ms)
32,2.2562921047210693
64,3.197208881378174
128,9.642749786376953
256,18.7814998626709
516,40.377166748046875
