Threads amount,Time (ms)
32,2.292792
64,4.21125
128,6.856875
256,9.072792
