Threads amount,Time (ms)
32,3.1559169999999996
64,3.636834
128,4.935083
256,9.710208
