Threads amount,Time (ms)
32,1.167708
64,1.9444169999999998
128,4.437084
256,6.466792
