Threads amount,Time (ms)
32,1.0605
64,1.767
128,4.18725
256,6.030167
