Threads amount,Time (ms)
32,0.8750829999999999
64,1.3910829999999998
128,2.853917
256,7.098583
