Threads amount,Time (ms)
32,1.515625
64,1.8142079999999998
128,3.1996249999999997
256,6.739375
