Threads amount,Time (ms)
32,1.503541
64,2.005667
128,3.143
256,6.734833
