Threads amount,Time (ms)
32,1.020042
64,2.874416
128,3.424959
256,5.868791
