Threads amount,Time (ms)
32,0.856084
64,1.391166
128,2.6884159999999997
256,6.170999999999999
