Threads amount,Time (ms)
32,0.9014169999999999
64,1.5132919999999999
128,2.782083
256,5.194583
