Threads amount,Time (s)
2,0.561756833
4,0.566110584
8,0.8734693750000001
