Threads amount,Time (s)
2,1.642615917
4,1.729544541
8,2.5500595
