Threads amount,Time (s)
2,0.546885625
4,0.597713208
8,0.922499041
