Threads amount,Time (s)
2,0.547261333
4,0.5794406670000001
8,0.8723327500000001
