Threads amount,Time (s)
2,0.547022334
4,0.6013889170000001
8,0.9562605420000001
