Threads amount,Time (s)
2,0.547479083
4,0.6110817080000001
8,0.9242944580000001
