Threads amount,Time (s)
2,0.551691083
4,0.6169955
8,0.9389693750000001
