Threads amount,Time (s)
2,0.569658875
4,0.6252115420000001
8,0.918640875
