Threads amount,Time (s)
2,0.632856166
4,0.772056417
8,1.129896167
