Threads amount,Time (s)
2,0.611125875
4,0.647529459
8,0.951016709
