Threads amount,Time (s)
2,1.6645588340000002
4,0.581136875
8,0.9038795420000001
