Threads amount,Time (s)
2,1.6501303340000002
4,1.7307395840000002
8,2.551107542
