Threads amount,Time (s)
2,0.5482266250000001
4,0.5888613340000001
8,0.8855523750000001
