Threads amount,Time (s)
2,0.547787792
4,0.572069916
8,0.8930269580000001
