Threads amount,Time (s)
2,0.548044959
4,0.592089125
8,0.9313245000000001
