Threads amount,Time (s)
2,0.547118041
4,0.604347042
8,0.954496125
