Threads amount,Time (s)
2,0.557590542
4,0.622187375
8,0.9185605410000001
