Threads amount,Time (s)
2,0.54878775
4,0.614834583
8,0.9102142910000001
