Threads amount,Time (s)
2,0.557277459
4,0.63977825
8,1.129548625
