Threads amount,Time (s)
2,0.642615417
4,0.661377541
8,1.113684959
