Threads amount,Time (ms)
32,13.430209
64,12.941832999999999
128,13.451084
256,13.1455
