Threads amount,Time (ms)
32,12.972458999999999
64,13.318541
128,16.047166999999998
256,18.417959
