Threads amount,Time (ms)
32,12.730042
64,12.713541999999999
128,11.124625
256,12.915291999999999
