Threads amount,Time (ms)
32,12.88425
64,13.896875
128,16.214083
256,20.979083
