Threads amount,Time (ms)
32,10.83
64,12.812999999999999
128,11.784165999999999
256,13.092167
