Threads amount,Time (ms)
32,13.005792
64,15.334041
128,18.160249999999998
256,22.933583
