Threads amount,Time (ms)
32,12.824207999999999
64,10.649334
128,12.910957999999999
256,13.182583
