Threads amount,Time (ms)
32,13.090916
64,12.931
128,15.700999999999999
256,18.847834
