Threads amount,Time (ms)
32,13.129875
64,13.517375
128,16.529875
256,20.846542
