Threads amount,Time (ms)
32,11.805416
64,12.678875
128,12.710666
256,12.785167
