Threads amount,Time (ms)
32,5.9327499999999995
64,4.789541
128,10.54
256,14.645916
