Threads amount,Time (ms)
32,3.139166
64,5.668625
128,10.630459
256,21.403458
