Threads amount,Time (ms)
32,2.217958
64,3.090583
128,7.404624999999999
256,15.830791999999999
