Threads amount,Time (ms)
32,1.07
64,1.8014999999999999
128,3.975125
256,6.094208999999999
