Threads amount,Time (ms)
32,0.899667
64,1.464083
128,2.706458
256,5.287999999999999
