Threads amount,Time (ms)
32,1.4704169999999999
64,3.767625
128,8.949334
256,19.947958
