Threads amount,Time (ms)
32,2.1639589999999997
64,3.102833
128,9.221166
256,12.821458
