Threads amount,Time (ms)
32,1.020583
64,2.626416
128,4.216915999999999
256,6.373416
