Threads amount,Time (ms)
32,0.912708
64,1.96475
128,3.026917
256,5.743542
