Threads amount,Time (ms)
32,1.6378329999999999
64,2.811334
128,4.860917
256,9.483416
